{
    "loss": 0.608792245388031,
    "accuracy": 0.9396551847457886
}