{
    "loss": 0.6997936367988586,
    "accuracy": 0.9137930870056152
}